day,top_n,strategy,selected_count,hit_in_top_n,coverage
20260721,100,04_core_discount,10,10,0.1
20260721,100,11_holder_concentration,10,10,0.1
20260721,100,12_divergence_warning,10,10,0.1
20260721,100,13_dividend_yield,10,10,0.1
20260721,100,19_52w_position,10,10,0.1
20260721,100,20_main_fund_ratio,0,0,0.0
20260721,100,21_volume_acceleration,10,10,0.1
20260721,100,22_capital_momentum,10,10,0.1
20260721,100,02_weekly_ma,10,10,0.1
20260721,100,05_double_bottom,1,1,0.01
20260721,100,06_three_soldiers,10,10,0.1
20260721,100,17_northbound_top,10,10,0.1
20260721,200,04_core_discount,10,10,0.05
20260721,200,11_holder_concentration,10,10,0.05
20260721,200,12_divergence_warning,10,10,0.05
20260721,200,13_dividend_yield,10,10,0.05
20260721,200,19_52w_position,10,10,0.05
20260721,200,20_main_fund_ratio,1,1,0.005
20260721,200,21_volume_acceleration,10,10,0.05
20260721,200,22_capital_momentum,10,10,0.05
20260721,200,02_weekly_ma,10,10,0.05
20260721,200,05_double_bottom,6,6,0.03
20260721,200,06_three_soldiers,10,10,0.05
20260721,200,17_northbound_top,10,10,0.05
20260721,300,04_core_discount,10,10,0.0333
20260721,300,11_holder_concentration,10,10,0.0333
20260721,300,12_divergence_warning,10,10,0.0333
20260721,300,13_dividend_yield,10,10,0.0333
20260721,300,19_52w_position,10,10,0.0333
20260721,300,20_main_fund_ratio,1,1,0.0033
20260721,300,21_volume_acceleration,10,10,0.0333
20260721,300,22_capital_momentum,10,10,0.0333
20260721,300,02_weekly_ma,10,10,0.0333
20260721,300,05_double_bottom,10,10,0.0333
20260721,300,06_three_soldiers,10,10,0.0333
20260721,300,17_northbound_top,10,10,0.0333
20260721,500,04_core_discount,10,10,0.02
20260721,500,11_holder_concentration,10,10,0.02
20260721,500,12_divergence_warning,10,10,0.02
20260721,500,13_dividend_yield,10,10,0.02
20260721,500,19_52w_position,10,10,0.02
20260721,500,20_main_fund_ratio,5,5,0.01
20260721,500,21_volume_acceleration,10,10,0.02
20260721,500,22_capital_momentum,10,10,0.02
20260721,500,02_weekly_ma,10,10,0.02
20260721,500,05_double_bottom,10,10,0.02
20260721,500,06_three_soldiers,10,10,0.02
20260721,500,17_northbound_top,10,10,0.02
20260721,1000,04_core_discount,10,10,0.01
20260721,1000,11_holder_concentration,10,10,0.01
20260721,1000,12_divergence_warning,10,10,0.01
20260721,1000,13_dividend_yield,10,10,0.01
20260721,1000,19_52w_position,10,10,0.01
20260721,1000,20_main_fund_ratio,9,9,0.009
20260721,1000,21_volume_acceleration,10,10,0.01
20260721,1000,22_capital_momentum,10,10,0.01
20260721,1000,02_weekly_ma,10,10,0.01
20260721,1000,05_double_bottom,10,10,0.01
20260721,1000,06_three_soldiers,10,10,0.01
20260721,1000,17_northbound_top,10,10,0.01
20260722,100,04_core_discount,10,10,0.1
20260722,100,11_holder_concentration,10,10,0.1
20260722,100,12_divergence_warning,10,10,0.1
20260722,100,13_dividend_yield,10,10,0.1
20260722,100,19_52w_position,10,10,0.1
20260722,100,20_main_fund_ratio,1,1,0.01
20260722,100,21_volume_acceleration,10,10,0.1
20260722,100,22_capital_momentum,10,10,0.1
20260722,100,02_weekly_ma,10,10,0.1
20260722,100,05_double_bottom,1,1,0.01
20260722,100,06_three_soldiers,10,10,0.1
20260722,100,17_northbound_top,10,10,0.1
20260722,200,04_core_discount,10,10,0.05
20260722,200,11_holder_concentration,10,10,0.05
20260722,200,12_divergence_warning,10,10,0.05
20260722,200,13_dividend_yield,10,10,0.05
20260722,200,19_52w_position,10,10,0.05
20260722,200,20_main_fund_ratio,1,1,0.005
20260722,200,21_volume_acceleration,10,10,0.05
20260722,200,22_capital_momentum,10,10,0.05
20260722,200,02_weekly_ma,10,10,0.05
20260722,200,05_double_bottom,7,7,0.035
20260722,200,06_three_soldiers,10,10,0.05
20260722,200,17_northbound_top,10,10,0.05
20260722,300,04_core_discount,10,10,0.0333
20260722,300,11_holder_concentration,10,10,0.0333
20260722,300,12_divergence_warning,10,10,0.0333
20260722,300,13_dividend_yield,10,10,0.0333
20260722,300,19_52w_position,10,10,0.0333
20260722,300,20_main_fund_ratio,3,3,0.01
20260722,300,21_volume_acceleration,10,10,0.0333
20260722,300,22_capital_momentum,10,10,0.0333
20260722,300,02_weekly_ma,10,10,0.0333
20260722,300,05_double_bottom,10,10,0.0333
20260722,300,06_three_soldiers,10,10,0.0333
20260722,300,17_northbound_top,10,10,0.0333
20260722,500,04_core_discount,10,10,0.02
20260722,500,11_holder_concentration,10,10,0.02
20260722,500,12_divergence_warning,10,10,0.02
20260722,500,13_dividend_yield,10,10,0.02
20260722,500,19_52w_position,10,10,0.02
20260722,500,20_main_fund_ratio,7,7,0.014
20260722,500,21_volume_acceleration,10,10,0.02
20260722,500,22_capital_momentum,10,10,0.02
20260722,500,02_weekly_ma,10,10,0.02
20260722,500,05_double_bottom,10,10,0.02
20260722,500,06_three_soldiers,10,10,0.02
20260722,500,17_northbound_top,10,10,0.02
20260722,1000,04_core_discount,10,10,0.01
20260722,1000,11_holder_concentration,10,10,0.01
20260722,1000,12_divergence_warning,10,10,0.01
20260722,1000,13_dividend_yield,10,10,0.01
20260722,1000,19_52w_position,10,10,0.01
20260722,1000,20_main_fund_ratio,10,10,0.01
20260722,1000,21_volume_acceleration,10,10,0.01
20260722,1000,22_capital_momentum,10,10,0.01
20260722,1000,02_weekly_ma,10,10,0.01
20260722,1000,05_double_bottom,10,10,0.01
20260722,1000,06_three_soldiers,10,10,0.01
20260722,1000,17_northbound_top,10,10,0.01
20260723,100,04_core_discount,10,10,0.1
20260723,100,11_holder_concentration,10,10,0.1
20260723,100,12_divergence_warning,10,10,0.1
20260723,100,13_dividend_yield,10,10,0.1
20260723,100,19_52w_position,10,10,0.1
20260723,100,20_main_fund_ratio,0,0,0.0
20260723,100,21_volume_acceleration,8,8,0.08
20260723,100,22_capital_momentum,10,10,0.1
20260723,100,02_weekly_ma,10,10,0.1
20260723,100,05_double_bottom,1,1,0.01
20260723,100,06_three_soldiers,10,10,0.1
20260723,100,17_northbound_top,10,10,0.1
20260723,200,04_core_discount,10,10,0.05
20260723,200,11_holder_concentration,10,10,0.05
20260723,200,12_divergence_warning,10,10,0.05
20260723,200,13_dividend_yield,10,10,0.05
20260723,200,19_52w_position,10,10,0.05
20260723,200,20_main_fund_ratio,0,0,0.0
20260723,200,21_volume_acceleration,10,10,0.05
20260723,200,22_capital_momentum,10,10,0.05
20260723,200,02_weekly_ma,10,10,0.05
20260723,200,05_double_bottom,10,10,0.05
20260723,200,06_three_soldiers,10,10,0.05
20260723,200,17_northbound_top,10,10,0.05
20260723,300,04_core_discount,10,10,0.0333
20260723,300,11_holder_concentration,10,10,0.0333
20260723,300,12_divergence_warning,10,10,0.0333
20260723,300,13_dividend_yield,10,10,0.0333
20260723,300,19_52w_position,10,10,0.0333
20260723,300,20_main_fund_ratio,1,1,0.0033
20260723,300,21_volume_acceleration,10,10,0.0333
20260723,300,22_capital_momentum,10,10,0.0333
20260723,300,02_weekly_ma,10,10,0.0333
20260723,300,05_double_bottom,10,10,0.0333
20260723,300,06_three_soldiers,10,10,0.0333
20260723,300,17_northbound_top,10,10,0.0333
20260723,500,04_core_discount,10,10,0.02
20260723,500,11_holder_concentration,10,10,0.02
20260723,500,12_divergence_warning,10,10,0.02
20260723,500,13_dividend_yield,10,10,0.02
20260723,500,19_52w_position,10,10,0.02
20260723,500,20_main_fund_ratio,3,3,0.006
20260723,500,21_volume_acceleration,10,10,0.02
20260723,500,22_capital_momentum,10,10,0.02
20260723,500,02_weekly_ma,10,10,0.02
20260723,500,05_double_bottom,10,10,0.02
20260723,500,06_three_soldiers,10,10,0.02
20260723,500,17_northbound_top,10,10,0.02
20260723,1000,04_core_discount,10,10,0.01
20260723,1000,11_holder_concentration,10,10,0.01
20260723,1000,12_divergence_warning,10,10,0.01
20260723,1000,13_dividend_yield,10,10,0.01
20260723,1000,19_52w_position,10,10,0.01
20260723,1000,20_main_fund_ratio,9,9,0.009
20260723,1000,21_volume_acceleration,10,10,0.01
20260723,1000,22_capital_momentum,10,10,0.01
20260723,1000,02_weekly_ma,10,10,0.01
20260723,1000,05_double_bottom,10,10,0.01
20260723,1000,06_three_soldiers,10,10,0.01
20260723,1000,17_northbound_top,10,10,0.01
20260724,100,04_core_discount,10,10,0.1
20260724,100,11_holder_concentration,10,10,0.1
20260724,100,12_divergence_warning,10,10,0.1
20260724,100,13_dividend_yield,10,10,0.1
20260724,100,19_52w_position,10,10,0.1
20260724,100,20_main_fund_ratio,1,1,0.01
20260724,100,21_volume_acceleration,10,10,0.1
20260724,100,22_capital_momentum,10,10,0.1
20260724,100,02_weekly_ma,10,10,0.1
20260724,100,05_double_bottom,0,0,0.0
20260724,100,06_three_soldiers,10,10,0.1
20260724,100,17_northbound_top,10,10,0.1
20260724,200,04_core_discount,10,10,0.05
20260724,200,11_holder_concentration,10,10,0.05
20260724,200,12_divergence_warning,10,10,0.05
20260724,200,13_dividend_yield,10,10,0.05
20260724,200,19_52w_position,10,10,0.05
20260724,200,20_main_fund_ratio,8,8,0.04
20260724,200,21_volume_acceleration,10,10,0.05
20260724,200,22_capital_momentum,10,10,0.05
20260724,200,02_weekly_ma,10,10,0.05
20260724,200,05_double_bottom,7,7,0.035
20260724,200,06_three_soldiers,10,10,0.05
20260724,200,17_northbound_top,10,10,0.05
20260724,300,04_core_discount,10,10,0.0333
20260724,300,11_holder_concentration,10,10,0.0333
20260724,300,12_divergence_warning,10,10,0.0333
20260724,300,13_dividend_yield,10,10,0.0333
20260724,300,19_52w_position,10,10,0.0333
20260724,300,20_main_fund_ratio,9,9,0.03
20260724,300,21_volume_acceleration,10,10,0.0333
20260724,300,22_capital_momentum,10,10,0.0333
20260724,300,02_weekly_ma,10,10,0.0333
20260724,300,05_double_bottom,10,10,0.0333
20260724,300,06_three_soldiers,10,10,0.0333
20260724,300,17_northbound_top,10,10,0.0333
20260724,500,04_core_discount,10,10,0.02
20260724,500,11_holder_concentration,10,10,0.02
20260724,500,12_divergence_warning,10,10,0.02
20260724,500,13_dividend_yield,10,10,0.02
20260724,500,19_52w_position,10,10,0.02
20260724,500,20_main_fund_ratio,10,10,0.02
20260724,500,21_volume_acceleration,10,10,0.02
20260724,500,22_capital_momentum,10,10,0.02
20260724,500,02_weekly_ma,10,10,0.02
20260724,500,05_double_bottom,10,10,0.02
20260724,500,06_three_soldiers,10,10,0.02
20260724,500,17_northbound_top,10,10,0.02
20260724,1000,04_core_discount,10,10,0.01
20260724,1000,11_holder_concentration,10,10,0.01
20260724,1000,12_divergence_warning,10,10,0.01
20260724,1000,13_dividend_yield,10,10,0.01
20260724,1000,19_52w_position,10,10,0.01
20260724,1000,20_main_fund_ratio,10,10,0.01
20260724,1000,21_volume_acceleration,10,10,0.01
20260724,1000,22_capital_momentum,10,10,0.01
20260724,1000,02_weekly_ma,10,10,0.01
20260724,1000,05_double_bottom,10,10,0.01
20260724,1000,06_three_soldiers,10,10,0.01
20260724,1000,17_northbound_top,10,10,0.01
